-- phpMyAdmin SQL Dump
-- version 5.1.1
-- https://www.phpmyadmin.net/
--
-- Hôte : 127.0.0.1
-- Généré le : mer. 08 déc. 2021 à 15:30
-- Version du serveur : 10.4.22-MariaDB
-- Version de PHP : 7.4.26

SET SQL_MODE = "NO_AUTO_VALUE_ON_ZERO";
START TRANSACTION;
SET time_zone = "+00:00";


/*!40101 SET @OLD_CHARACTER_SET_CLIENT=@@CHARACTER_SET_CLIENT */;
/*!40101 SET @OLD_CHARACTER_SET_RESULTS=@@CHARACTER_SET_RESULTS */;
/*!40101 SET @OLD_COLLATION_CONNECTION=@@COLLATION_CONNECTION */;
/*!40101 SET NAMES utf8mb4 */;

--
-- Base de données : `watson`
--

-- --------------------------------------------------------

--
-- Structure de la table `tl_liens`
--

CREATE TABLE `tl_liens` (
  `lien_id` int(11) NOT NULL,
  `lien_url` varchar(255) COLLATE utf8_unicode_ci NOT NULL,
  `lien_titre` varchar(255) COLLATE utf8_unicode_ci NOT NULL,
  `lien_desc` text COLLATE utf8_unicode_ci DEFAULT NULL,
  `user_id` int(11) NOT NULL
) ENGINE=InnoDB DEFAULT CHARSET=utf8 COLLATE=utf8_unicode_ci;

--
-- Déchargement des données de la table `tl_liens`
--

INSERT INTO `tl_liens` (`lien_id`, `lien_url`, `lien_titre`, `lien_desc`, `user_id`) VALUES
(1, 'https://cvtic.unilim.fr/', 'Campus Virtuel TIC', 'Site internet du CvTIC.', 1),
(2, 'https://duckduckgo.com/', 'Duck Duck Go', 'Le moteur de recherche qui ne trace pas ses utilisateurs.', 1),
(3, 'https://framasoft.org/', 'Framasoft', 'Un réseau dédié à la promotion du « libre » en général et du logiciel libre en particulier.', 1),
(4, 'https://hub.docker.com/', 'Dockerhub', 'Une librairie d\'image container', 1),
(5, 'https://www.monster.fr/', 'Monster', 'Site d\'offres d\'emplois', 1),
(6, 'https://www.leboncoin.fr/', 'Leboncoin', 'Site web de petites annonces', 1),
(7, 'https://biome.unilim.fr/', 'Unilim', 'Site internet de l\'Université de Limoges', 1),
(8, 'https://github.com/', 'Github', 'service web d\'hébergement et de gestion de développement de logiciels, utilisant le logiciel de gestion de versions Git', 1),
(9, 'https://brave.com/fr/', 'Brave', 'Navigateur web open-source', 1),
(10, 'https://www.codeur.com/', 'Codeur', 'Site de mise en relations entre freelances et clients pour des projets numériques', 1),
(11, 'https://www.ldlc.com/', 'LDLC', 'Boutique en ligne de matériel informatique', 1),
(12, 'https://www.coingecko.com/fr', 'Coingecko', 'Apercu et cours des marchés de la cryptomonnaie', 1),
(13, 'https://www.root-me.org/', 'Root-me', 'Une plateforme réaliste pour tester vos compétences en hacking.', 1),
(14, 'https://www.vagrantup.com/', 'Vagrant', 'Logiciel libre et open-source pour la création et la configuration des environnements de développement virtuel', 1),
(15, 'https://wordpress.com/fr/', 'WordPress', 'Système de gestion de contenu gratuit, libre et open-source', 1),
(16, 'https://www.linux.org', 'Linux', 'Linux ou GNU/Linux est une famille de systèmes d\'exploitation open source', 1);

-- --------------------------------------------------------

--
-- Structure de la table `tl_tags`
--

CREATE TABLE `tl_tags` (
  `tag_id` int(11) NOT NULL,
  `tag_name` varchar(50) COLLATE utf8_unicode_ci NOT NULL
) ENGINE=InnoDB DEFAULT CHARSET=utf8 COLLATE=utf8_unicode_ci;

--
-- Déchargement des données de la table `tl_tags`
--

INSERT INTO `tl_tags` (`tag_id`, `tag_name`) VALUES
(1, 'fac'),
(2, 'vieprivee'),
(3, 'opensource'),
(4, 'apprendre'),
(5, 'docker'),
(6, 'emplois'),
(7, 'annonces'),
(8, 'Unilim'),
(9, 'Git'),
(10, 'Brave'),
(11, 'Freelance'),
(12, 'Informatique'),
(13, 'Cryptomonnaie'),
(14, 'Hacking'),
(15, 'Machine'),
(16, 'virtuelle'),
(17, 'CMS'),
(18, 'Linux');

-- --------------------------------------------------------

--
-- Structure de la table `tl_tags_liens`
--

CREATE TABLE `tl_tags_liens` (
  `tag_id` int(11) NOT NULL,
  `lien_id` int(11) NOT NULL
) ENGINE=InnoDB DEFAULT CHARSET=utf8 COLLATE=utf8_unicode_ci;

--
-- Déchargement des données de la table `tl_tags_liens`
--

INSERT INTO `tl_tags_liens` (`tag_id`, `lien_id`) VALUES
(1, 1),
(2, 2),
(3, 2),
(3, 3),
(5, 4),
(6, 5),
(7, 6),
(8, 7),
(9, 8),
(10, 9),
(11, 10),
(12, 11),
(13, 12),
(14, 13),
(15, 14),
(16, 14),
(17, 15),
(18, 16);

-- --------------------------------------------------------

--
-- Structure de la table `tl_users`
--

CREATE TABLE `tl_users` (
  `usr_id` int(11) NOT NULL,
  `usr_name` varchar(50) COLLATE utf8_unicode_ci NOT NULL,
  `usr_password` varchar(88) COLLATE utf8_unicode_ci NOT NULL,
  `usr_salt` varchar(23) COLLATE utf8_unicode_ci NOT NULL,
  `usr_role` varchar(50) COLLATE utf8_unicode_ci NOT NULL DEFAULT 'ROLE_ADMIN'
) ENGINE=InnoDB DEFAULT CHARSET=utf8 COLLATE=utf8_unicode_ci;

--
-- Déchargement des données de la table `tl_users`
--

INSERT INTO `tl_users` (`usr_id`, `usr_name`, `usr_password`, `usr_salt`, `usr_role`) VALUES
(1, 'admin', 'LsJKppRTEPz4uKrkhScOE6HBSvHuaIcFbAX9FWC7h/f5HffX4TBcFt7p8M0hqvGzFXL+JV8TzEYePoimaosfMQ==', '>=28!7NLw!S37zLjs7Uu[nC', 'ROLE_ADMIN');

--
-- Index pour les tables déchargées
--

--
-- Index pour la table `tl_liens`
--
ALTER TABLE `tl_liens`
  ADD PRIMARY KEY (`lien_id`);

--
-- Index pour la table `tl_tags`
--
ALTER TABLE `tl_tags`
  ADD PRIMARY KEY (`tag_id`);

--
-- Index pour la table `tl_users`
--
ALTER TABLE `tl_users`
  ADD PRIMARY KEY (`usr_id`);

--
-- AUTO_INCREMENT pour les tables déchargées
--

--
-- AUTO_INCREMENT pour la table `tl_liens`
--
ALTER TABLE `tl_liens`
  MODIFY `lien_id` int(11) NOT NULL AUTO_INCREMENT, AUTO_INCREMENT=17;

--
-- AUTO_INCREMENT pour la table `tl_tags`
--
ALTER TABLE `tl_tags`
  MODIFY `tag_id` int(11) NOT NULL AUTO_INCREMENT, AUTO_INCREMENT=19;

--
-- AUTO_INCREMENT pour la table `tl_users`
--
ALTER TABLE `tl_users`
  MODIFY `usr_id` int(11) NOT NULL AUTO_INCREMENT, AUTO_INCREMENT=2;
COMMIT;

/*!40101 SET CHARACTER_SET_CLIENT=@OLD_CHARACTER_SET_CLIENT */;
/*!40101 SET CHARACTER_SET_RESULTS=@OLD_CHARACTER_SET_RESULTS */;
/*!40101 SET COLLATION_CONNECTION=@OLD_COLLATION_CONNECTION */;
